course_description,learning_outcomes,skill_sets
This course provides comprehensive insights into Introduction to Programming including key principles and practical applications.,"['Understand the core principles of Introduction to Programming', 'Apply Introduction to Programming techniques to solve problems', 'Evaluate the impact of Introduction to Programming in real-world scenarios']","['Report writing', 'Ethics', 'Presentation']"
"Students will explore fundamental and advanced topics in Introduction to Programming, focusing on both theory and implementation.","['Demonstrate knowledge of Introduction to Programming', 'Design and implement solutions using Introduction to Programming', 'Analyze case studies involving Introduction to Programming']","['AWS', 'Containers', 'Service models']"
"The course introduces Introduction to Programming concepts, techniques, and tools required for problem-solving and development.","['Gain practical experience with Introduction to Programming', 'Develop projects based on Introduction to Programming', 'Communicate findings effectively in context of Introduction to Programming']","['Security policies', 'Risk assessment', 'Cryptography']"
"Introduction to Programming is covered in-depth, helping learners build analytical and technical proficiency.","['Identify challenges in Introduction to Programming', 'Propose optimized solutions for Introduction to Programming', 'Collaborate on team-based Introduction to Programming assignments']","['Data modeling', 'Database design', 'SQL']"
This module covers critical aspects of Introduction to Programming with real-world case studies and hands-on experience.,"['Explore advanced concepts of Introduction to Programming', 'Integrate Introduction to Programming with other disciplines', 'Reflect on the ethical aspects of Introduction to Programming']","['SQL', 'Normalization', 'Data modeling']"
This course provides comprehensive insights into Introduction to Programming Lab including key principles and practical applications.,"['Understand the core principles of Introduction to Programming Lab', 'Apply Introduction to Programming Lab techniques to solve problems', 'Evaluate the impact of Introduction to Programming Lab in real-world scenarios']","['Presentation', 'Ethics', 'Communication']"
"Students will explore fundamental and advanced topics in Introduction to Programming Lab, focusing on both theory and implementation.","['Demonstrate knowledge of Introduction to Programming Lab', 'Design and implement solutions using Introduction to Programming Lab', 'Analyze case studies involving Introduction to Programming Lab']","['Critical thinking', 'Presentation', 'Report writing']"
"The course introduces Introduction to Programming Lab concepts, techniques, and tools required for problem-solving and development.","['Gain practical experience with Introduction to Programming Lab', 'Develop projects based on Introduction to Programming Lab', 'Communicate findings effectively in context of Introduction to Programming Lab']","['Risk assessment', 'Cryptography', 'Security policies']"
"Introduction to Programming Lab is covered in-depth, helping learners build analytical and technical proficiency.","['Identify challenges in Introduction to Programming Lab', 'Propose optimized solutions for Introduction to Programming Lab', 'Collaborate on team-based Introduction to Programming Lab assignments']","['Django', 'Web deployment', 'CSS']"
This module covers critical aspects of Introduction to Programming Lab with real-world case studies and hands-on experience.,"['Explore advanced concepts of Introduction to Programming Lab', 'Integrate Introduction to Programming Lab with other disciplines', 'Reflect on the ethical aspects of Introduction to Programming Lab']","['Calculus', 'Probability', 'Statistics']"
This course provides comprehensive insights into Introduction to Computing including key principles and practical applications.,"['Understand the core principles of Introduction to Computing', 'Apply Introduction to Computing techniques to solve problems', 'Evaluate the impact of Introduction to Computing in real-world scenarios']","['JavaScript', 'HTML', 'Django']"
"Students will explore fundamental and advanced topics in Introduction to Computing, focusing on both theory and implementation.","['Demonstrate knowledge of Introduction to Computing', 'Design and implement solutions using Introduction to Computing', 'Analyze case studies involving Introduction to Computing']","['Critical thinking', 'Report writing', 'Presentation']"
"The course introduces Introduction to Computing concepts, techniques, and tools required for problem-solving and development.","['Gain practical experience with Introduction to Computing', 'Develop projects based on Introduction to Computing', 'Communicate findings effectively in context of Introduction to Computing']","['CSS', 'HTML', 'Django']"
"Introduction to Computing is covered in-depth, helping learners build analytical and technical proficiency.","['Identify challenges in Introduction to Computing', 'Propose optimized solutions for Introduction to Computing', 'Collaborate on team-based Introduction to Computing assignments']","['Database design', 'Data modeling', 'SQL']"
This module covers critical aspects of Introduction to Computing with real-world case studies and hands-on experience.,"['Explore advanced concepts of Introduction to Computing', 'Integrate Introduction to Computing with other disciplines', 'Reflect on the ethical aspects of Introduction to Computing']","['JavaScript', 'HTML', 'Django']"
This course provides comprehensive insights into Introduction to Computing Lab including key principles and practical applications.,"['Understand the core principles of Introduction to Computing Lab', 'Apply Introduction to Computing Lab techniques to solve problems', 'Evaluate the impact of Introduction to Computing Lab in real-world scenarios']","['Virtualization', 'Service models', 'Containers']"
"Students will explore fundamental and advanced topics in Introduction to Computing Lab, focusing on both theory and implementation.","['Demonstrate knowledge of Introduction to Computing Lab', 'Design and implement solutions using Introduction to Computing Lab', 'Analyze case studies involving Introduction to Computing Lab']","['Probability', 'Algebra', 'Calculus']"
"The course introduces Introduction to Computing Lab concepts, techniques, and tools required for problem-solving and development.","['Gain practical experience with Introduction to Computing Lab', 'Develop projects based on Introduction to Computing Lab', 'Communicate findings effectively in context of Introduction to Computing Lab']","['Machine Learning', 'Data preprocessing', 'Neural Networks']"
"Introduction to Computing Lab is covered in-depth, helping learners build analytical and technical proficiency.","['Identify challenges in Introduction to Computing Lab', 'Propose optimized solutions for Introduction to Computing Lab', 'Collaborate on team-based Introduction to Computing Lab assignments']","['Python', 'OOP', 'Java']"
This module covers critical aspects of Introduction to Computing Lab with real-world case studies and hands-on experience.,"['Explore advanced concepts of Introduction to Computing Lab', 'Integrate Introduction to Computing Lab with other disciplines', 'Reflect on the ethical aspects of Introduction to Computing Lab']","['Statistics', 'Probability', 'Logic']"
This course provides comprehensive insights into Islamic Studies including key principles and practical applications.,"['Understand the core principles of Islamic Studies', 'Apply Islamic Studies techniques to solve problems', 'Evaluate the impact of Islamic Studies in real-world scenarios']","['Model evaluation', 'Machine Learning', 'Neural Networks']"
"Students will explore fundamental and advanced topics in Islamic Studies, focusing on both theory and implementation.","['Demonstrate knowledge of Islamic Studies', 'Design and implement solutions using Islamic Studies', 'Analyze case studies involving Islamic Studies']","['Service models', 'Containers', 'AWS']"
"The course introduces Islamic Studies concepts, techniques, and tools required for problem-solving and development.","['Gain practical experience with Islamic Studies', 'Develop projects based on Islamic Studies', 'Communicate findings effectively in context of Islamic Studies']","['Django', 'HTML', 'CSS']"
"Islamic Studies is covered in-depth, helping learners build analytical and technical proficiency.","['Identify challenges in Islamic Studies', 'Propose optimized solutions for Islamic Studies', 'Collaborate on team-based Islamic Studies assignments']","['Service models', 'Containers', 'AWS']"
This module covers critical aspects of Islamic Studies with real-world case studies and hands-on experience.,"['Explore advanced concepts of Islamic Studies', 'Integrate Islamic Studies with other disciplines', 'Reflect on the ethical aspects of Islamic Studies']","['Report writing', 'Critical thinking', 'Presentation']"
This course provides comprehensive insights into Pak Studies including key principles and practical applications.,"['Understand the core principles of Pak Studies', 'Apply Pak Studies techniques to solve problems', 'Evaluate the impact of Pak Studies in real-world scenarios']","['Calculus', 'Statistics', 'Probability']"
"Students will explore fundamental and advanced topics in Pak Studies, focusing on both theory and implementation.","['Demonstrate knowledge of Pak Studies', 'Design and implement solutions using Pak Studies', 'Analyze case studies involving Pak Studies']","['Algebra', 'Statistics', 'Calculus']"
"The course introduces Pak Studies concepts, techniques, and tools required for problem-solving and development.","['Gain practical experience with Pak Studies', 'Develop projects based on Pak Studies', 'Communicate findings effectively in context of Pak Studies']","['Linux', 'Networking', 'Process management']"
"Pak Studies is covered in-depth, helping learners build analytical and technical proficiency.","['Identify challenges in Pak Studies', 'Propose optimized solutions for Pak Studies', 'Collaborate on team-based Pak Studies assignments']","['Calculus', 'Logic', 'Statistics']"
This module covers critical aspects of Pak Studies with real-world case studies and hands-on experience.,"['Explore advanced concepts of Pak Studies', 'Integrate Pak Studies with other disciplines', 'Reflect on the ethical aspects of Pak Studies']","['Calculus', 'Probability', 'Logic']"
This course provides comprehensive insights into Applied Physics including key principles and practical applications.,"['Understand the core principles of Applied Physics', 'Apply Applied Physics techniques to solve problems', 'Evaluate the impact of Applied Physics in real-world scenarios']","['Presentation', 'Ethics', 'Critical thinking']"
"Students will explore fundamental and advanced topics in Applied Physics, focusing on both theory and implementation.","['Demonstrate knowledge of Applied Physics', 'Design and implement solutions using Applied Physics', 'Analyze case studies involving Applied Physics']","['Network security', 'Cryptography', 'Authentication']"
"The course introduces Applied Physics concepts, techniques, and tools required for problem-solving and development.","['Gain practical experience with Applied Physics', 'Develop projects based on Applied Physics', 'Communicate findings effectively in context of Applied Physics']","['Risk assessment', 'Cryptography', 'Security policies']"
"Applied Physics is covered in-depth, helping learners build analytical and technical proficiency.","['Identify challenges in Applied Physics', 'Propose optimized solutions for Applied Physics', 'Collaborate on team-based Applied Physics assignments']","['Process management', 'Linux', 'Memory management']"
This module covers critical aspects of Applied Physics with real-world case studies and hands-on experience.,"['Explore advanced concepts of Applied Physics', 'Integrate Applied Physics with other disciplines', 'Reflect on the ethical aspects of Applied Physics']","['Risk assessment', 'Cryptography', 'Security policies']"
This course provides comprehensive insights into Functional English including key principles and practical applications.,"['Understand the core principles of Functional English', 'Apply Functional English techniques to solve problems', 'Evaluate the impact of Functional English in real-world scenarios']","['Machine Learning', 'Data preprocessing', 'Model evaluation']"
"Students will explore fundamental and advanced topics in Functional English, focusing on both theory and implementation.","['Demonstrate knowledge of Functional English', 'Design and implement solutions using Functional English', 'Analyze case studies involving Functional English']","['Java', 'C++', 'Python']"
"The course introduces Functional English concepts, techniques, and tools required for problem-solving and development.","['Gain practical experience with Functional English', 'Develop projects based on Functional English', 'Communicate findings effectively in context of Functional English']","['Statistics', 'Calculus', 'Algebra']"
"Functional English is covered in-depth, helping learners build analytical and technical proficiency.","['Identify challenges in Functional English', 'Propose optimized solutions for Functional English', 'Collaborate on team-based Functional English assignments']","['Linux', 'Process management', 'File systems']"
This module covers critical aspects of Functional English with real-world case studies and hands-on experience.,"['Explore advanced concepts of Functional English', 'Integrate Functional English with other disciplines', 'Reflect on the ethical aspects of Functional English']","['Containers', 'AWS', 'Resource management']"
This course provides comprehensive insights into Calculus and Analytical Geometry including key principles and practical applications.,"['Understand the core principles of Calculus and Analytical Geometry', 'Apply Calculus and Analytical Geometry techniques to solve problems', 'Evaluate the impact of Calculus and Analytical Geometry in real-world scenarios']","['Web deployment', 'CSS', 'JavaScript']"
"Students will explore fundamental and advanced topics in Calculus and Analytical Geometry, focusing on both theory and implementation.","['Demonstrate knowledge of Calculus and Analytical Geometry', 'Design and implement solutions using Calculus and Analytical Geometry', 'Analyze case studies involving Calculus and Analytical Geometry']","['Web deployment', 'JavaScript', 'Django']"
"The course introduces Calculus and Analytical Geometry concepts, techniques, and tools required for problem-solving and development.","['Gain practical experience with Calculus and Analytical Geometry', 'Develop projects based on Calculus and Analytical Geometry', 'Communicate findings effectively in context of Calculus and Analytical Geometry']","['Report writing', 'Ethics', 'Critical thinking']"
"Calculus and Analytical Geometry is covered in-depth, helping learners build analytical and technical proficiency.","['Identify challenges in Calculus and Analytical Geometry', 'Propose optimized solutions for Calculus and Analytical Geometry', 'Collaborate on team-based Calculus and Analytical Geometry assignments']","['C++', 'Python', 'OOP']"
This module covers critical aspects of Calculus and Analytical Geometry with real-world case studies and hands-on experience.,"['Explore advanced concepts of Calculus and Analytical Geometry', 'Integrate Calculus and Analytical Geometry with other disciplines', 'Reflect on the ethical aspects of Calculus and Analytical Geometry']","['Ethics', 'Presentation', 'Communication']"
This course provides comprehensive insights into Object-Oriented Programming including key principles and practical applications.,"['Understand the core principles of Object-Oriented Programming', 'Apply Object-Oriented Programming techniques to solve problems', 'Evaluate the impact of Object-Oriented Programming in real-world scenarios']","['Web deployment', 'CSS', 'Django']"
"Students will explore fundamental and advanced topics in Object-Oriented Programming, focusing on both theory and implementation.","['Demonstrate knowledge of Object-Oriented Programming', 'Design and implement solutions using Object-Oriented Programming', 'Analyze case studies involving Object-Oriented Programming']","['Database design', 'Data modeling', 'SQL']"
"The course introduces Object-Oriented Programming concepts, techniques, and tools required for problem-solving and development.","['Gain practical experience with Object-Oriented Programming', 'Develop projects based on Object-Oriented Programming', 'Communicate findings effectively in context of Object-Oriented Programming']","['Python', 'C++', 'OOP']"
"Object-Oriented Programming is covered in-depth, helping learners build analytical and technical proficiency.","['Identify challenges in Object-Oriented Programming', 'Propose optimized solutions for Object-Oriented Programming', 'Collaborate on team-based Object-Oriented Programming assignments']","['Python', 'Debugging', 'OOP']"
This module covers critical aspects of Object-Oriented Programming with real-world case studies and hands-on experience.,"['Explore advanced concepts of Object-Oriented Programming', 'Integrate Object-Oriented Programming with other disciplines', 'Reflect on the ethical aspects of Object-Oriented Programming']","['Data modeling', 'Transactions', 'Database design']"
This course provides comprehensive insights into Technical Writing and Presentation Skills including key principles and practical applications.,"['Understand the core principles of Technical Writing and Presentation Skills', 'Apply Technical Writing and Presentation Skills techniques to solve problems', 'Evaluate the impact of Technical Writing and Presentation Skills in real-world scenarios']","['CSS', 'Django', 'JavaScript']"
"Students will explore fundamental and advanced topics in Technical Writing and Presentation Skills, focusing on both theory and implementation.","['Demonstrate knowledge of Technical Writing and Presentation Skills', 'Design and implement solutions using Technical Writing and Presentation Skills', 'Analyze case studies involving Technical Writing and Presentation Skills']","['Probability', 'Calculus', 'Statistics']"
"The course introduces Technical Writing and Presentation Skills concepts, techniques, and tools required for problem-solving and development.","['Gain practical experience with Technical Writing and Presentation Skills', 'Develop projects based on Technical Writing and Presentation Skills', 'Communicate findings effectively in context of Technical Writing and Presentation Skills']","['Probability', 'Statistics', 'Logic']"
"Technical Writing and Presentation Skills is covered in-depth, helping learners build analytical and technical proficiency.","['Identify challenges in Technical Writing and Presentation Skills', 'Propose optimized solutions for Technical Writing and Presentation Skills', 'Collaborate on team-based Technical Writing and Presentation Skills assignments']","['Containers', 'Virtualization', 'AWS']"
This module covers critical aspects of Technical Writing and Presentation Skills with real-world case studies and hands-on experience.,"['Explore advanced concepts of Technical Writing and Presentation Skills', 'Integrate Technical Writing and Presentation Skills with other disciplines', 'Reflect on the ethical aspects of Technical Writing and Presentation Skills']","['Debugging', 'OOP', 'Java']"
This course provides comprehensive insights into Psychology including key principles and practical applications.,"['Understand the core principles of Psychology', 'Apply Psychology techniques to solve problems', 'Evaluate the impact of Psychology in real-world scenarios']","['Debugging', 'Java', 'OOP']"
"Students will explore fundamental and advanced topics in Psychology, focusing on both theory and implementation.","['Demonstrate knowledge of Psychology', 'Design and implement solutions using Psychology', 'Analyze case studies involving Psychology']","['AWS', 'Containers', 'Resource management']"
"The course introduces Psychology concepts, techniques, and tools required for problem-solving and development.","['Gain practical experience with Psychology', 'Develop projects based on Psychology', 'Communicate findings effectively in context of Psychology']","['Security policies', 'Cryptography', 'Authentication']"
"Psychology is covered in-depth, helping learners build analytical and technical proficiency.","['Identify challenges in Psychology', 'Propose optimized solutions for Psychology', 'Collaborate on team-based Psychology assignments']","['Normalization', 'Transactions', 'SQL']"
This module covers critical aspects of Psychology with real-world case studies and hands-on experience.,"['Explore advanced concepts of Psychology', 'Integrate Psychology with other disciplines', 'Reflect on the ethical aspects of Psychology']","['Machine Learning', 'Deep Learning', 'Data preprocessing']"
This course provides comprehensive insights into Data Structures and Algorithms including key principles and practical applications.,"['Understand the core principles of Data Structures and Algorithms', 'Apply Data Structures and Algorithms techniques to solve problems', 'Evaluate the impact of Data Structures and Algorithms in real-world scenarios']","['HTML', 'CSS', 'JavaScript']"
"Students will explore fundamental and advanced topics in Data Structures and Algorithms, focusing on both theory and implementation.","['Demonstrate knowledge of Data Structures and Algorithms', 'Design and implement solutions using Data Structures and Algorithms', 'Analyze case studies involving Data Structures and Algorithms']","['Virtualization', 'Resource management', 'Containers']"
"The course introduces Data Structures and Algorithms concepts, techniques, and tools required for problem-solving and development.","['Gain practical experience with Data Structures and Algorithms', 'Develop projects based on Data Structures and Algorithms', 'Communicate findings effectively in context of Data Structures and Algorithms']","['Django', 'HTML', 'CSS']"
"Data Structures and Algorithms is covered in-depth, helping learners build analytical and technical proficiency.","['Identify challenges in Data Structures and Algorithms', 'Propose optimized solutions for Data Structures and Algorithms', 'Collaborate on team-based Data Structures and Algorithms assignments']","['Service models', 'Virtualization', 'Containers']"
This module covers critical aspects of Data Structures and Algorithms with real-world case studies and hands-on experience.,"['Explore advanced concepts of Data Structures and Algorithms', 'Integrate Data Structures and Algorithms with other disciplines', 'Reflect on the ethical aspects of Data Structures and Algorithms']","['Critical thinking', 'Presentation', 'Communication']"
This course provides comprehensive insights into Design and Analysis of Algorithms including key principles and practical applications.,"['Understand the core principles of Design and Analysis of Algorithms', 'Apply Design and Analysis of Algorithms techniques to solve problems', 'Evaluate the impact of Design and Analysis of Algorithms in real-world scenarios']","['Service models', 'AWS', 'Resource management']"
"Students will explore fundamental and advanced topics in Design and Analysis of Algorithms, focusing on both theory and implementation.","['Demonstrate knowledge of Design and Analysis of Algorithms', 'Design and implement solutions using Design and Analysis of Algorithms', 'Analyze case studies involving Design and Analysis of Algorithms']","['Resource management', 'Virtualization', 'Containers']"
"The course introduces Design and Analysis of Algorithms concepts, techniques, and tools required for problem-solving and development.","['Gain practical experience with Design and Analysis of Algorithms', 'Develop projects based on Design and Analysis of Algorithms', 'Communicate findings effectively in context of Design and Analysis of Algorithms']","['CSS', 'Django', 'HTML']"
"Design and Analysis of Algorithms is covered in-depth, helping learners build analytical and technical proficiency.","['Identify challenges in Design and Analysis of Algorithms', 'Propose optimized solutions for Design and Analysis of Algorithms', 'Collaborate on team-based Design and Analysis of Algorithms assignments']","['Service models', 'Virtualization', 'Containers']"
This module covers critical aspects of Design and Analysis of Algorithms with real-world case studies and hands-on experience.,"['Explore advanced concepts of Design and Analysis of Algorithms', 'Integrate Design and Analysis of Algorithms with other disciplines', 'Reflect on the ethical aspects of Design and Analysis of Algorithms']","['Network security', 'Security policies', 'Cryptography']"
This course provides comprehensive insights into Web Engineering including key principles and practical applications.,"['Understand the core principles of Web Engineering', 'Apply Web Engineering techniques to solve problems', 'Evaluate the impact of Web Engineering in real-world scenarios']","['Presentation', 'Communication', 'Ethics']"
"Students will explore fundamental and advanced topics in Web Engineering, focusing on both theory and implementation.","['Demonstrate knowledge of Web Engineering', 'Design and implement solutions using Web Engineering', 'Analyze case studies involving Web Engineering']","['Process management', 'Linux', 'Networking']"
"The course introduces Web Engineering concepts, techniques, and tools required for problem-solving and development.","['Gain practical experience with Web Engineering', 'Develop projects based on Web Engineering', 'Communicate findings effectively in context of Web Engineering']","['Network security', 'Cryptography', 'Authentication']"
"Web Engineering is covered in-depth, helping learners build analytical and technical proficiency.","['Identify challenges in Web Engineering', 'Propose optimized solutions for Web Engineering', 'Collaborate on team-based Web Engineering assignments']","['Machine Learning', 'Neural Networks', 'Deep Learning']"
This module covers critical aspects of Web Engineering with real-world case studies and hands-on experience.,"['Explore advanced concepts of Web Engineering', 'Integrate Web Engineering with other disciplines', 'Reflect on the ethical aspects of Web Engineering']","['Cryptography', 'Risk assessment', 'Security policies']"
This course provides comprehensive insights into Web Engineering Lab including key principles and practical applications.,"['Understand the core principles of Web Engineering Lab', 'Apply Web Engineering Lab techniques to solve problems', 'Evaluate the impact of Web Engineering Lab in real-world scenarios']","['Deep Learning', 'Neural Networks', 'Data preprocessing']"
"Students will explore fundamental and advanced topics in Web Engineering Lab, focusing on both theory and implementation.","['Demonstrate knowledge of Web Engineering Lab', 'Design and implement solutions using Web Engineering Lab', 'Analyze case studies involving Web Engineering Lab']","['Communication', 'Report writing', 'Presentation']"
"The course introduces Web Engineering Lab concepts, techniques, and tools required for problem-solving and development.","['Gain practical experience with Web Engineering Lab', 'Develop projects based on Web Engineering Lab', 'Communicate findings effectively in context of Web Engineering Lab']","['HTML', 'Django', 'CSS']"
"Web Engineering Lab is covered in-depth, helping learners build analytical and technical proficiency.","['Identify challenges in Web Engineering Lab', 'Propose optimized solutions for Web Engineering Lab', 'Collaborate on team-based Web Engineering Lab assignments']","['Containers', 'AWS', 'Service models']"
This module covers critical aspects of Web Engineering Lab with real-world case studies and hands-on experience.,"['Explore advanced concepts of Web Engineering Lab', 'Integrate Web Engineering Lab with other disciplines', 'Reflect on the ethical aspects of Web Engineering Lab']","['Django', 'Web deployment', 'HTML']"
This course provides comprehensive insights into Software Architecture and Logic Design including key principles and practical applications.,"['Understand the core principles of Software Architecture and Logic Design', 'Apply Software Architecture and Logic Design techniques to solve problems', 'Evaluate the impact of Software Architecture and Logic Design in real-world scenarios']","['Service models', 'Resource management', 'Containers']"
"Students will explore fundamental and advanced topics in Software Architecture and Logic Design, focusing on both theory and implementation.","['Demonstrate knowledge of Software Architecture and Logic Design', 'Design and implement solutions using Software Architecture and Logic Design', 'Analyze case studies involving Software Architecture and Logic Design']","['Service models', 'AWS', 'Resource management']"
"The course introduces Software Architecture and Logic Design concepts, techniques, and tools required for problem-solving and development.","['Gain practical experience with Software Architecture and Logic Design', 'Develop projects based on Software Architecture and Logic Design', 'Communicate findings effectively in context of Software Architecture and Logic Design']","['Security policies', 'Network security', 'Cryptography']"
"Software Architecture and Logic Design is covered in-depth, helping learners build analytical and technical proficiency.","['Identify challenges in Software Architecture and Logic Design', 'Propose optimized solutions for Software Architecture and Logic Design', 'Collaborate on team-based Software Architecture and Logic Design assignments']","['Machine Learning', 'Deep Learning', 'Neural Networks']"
This module covers critical aspects of Software Architecture and Logic Design with real-world case studies and hands-on experience.,"['Explore advanced concepts of Software Architecture and Logic Design', 'Integrate Software Architecture and Logic Design with other disciplines', 'Reflect on the ethical aspects of Software Architecture and Logic Design']","['Database design', 'SQL', 'Normalization']"
This course provides comprehensive insights into Computer Communication and Networking including key principles and practical applications.,"['Understand the core principles of Computer Communication and Networking', 'Apply Computer Communication and Networking techniques to solve problems', 'Evaluate the impact of Computer Communication and Networking in real-world scenarios']","['Network security', 'Risk assessment', 'Authentication']"
"Students will explore fundamental and advanced topics in Computer Communication and Networking, focusing on both theory and implementation.","['Demonstrate knowledge of Computer Communication and Networking', 'Design and implement solutions using Computer Communication and Networking', 'Analyze case studies involving Computer Communication and Networking']","['Neural Networks', 'Machine Learning', 'Data preprocessing']"
"The course introduces Computer Communication and Networking concepts, techniques, and tools required for problem-solving and development.","['Gain practical experience with Computer Communication and Networking', 'Develop projects based on Computer Communication and Networking', 'Communicate findings effectively in context of Computer Communication and Networking']","['Network security', 'Authentication', 'Cryptography']"
"Computer Communication and Networking is covered in-depth, helping learners build analytical and technical proficiency.","['Identify challenges in Computer Communication and Networking', 'Propose optimized solutions for Computer Communication and Networking', 'Collaborate on team-based Computer Communication and Networking assignments']","['Security policies', 'Cryptography', 'Network security']"
This module covers critical aspects of Computer Communication and Networking with real-world case studies and hands-on experience.,"['Explore advanced concepts of Computer Communication and Networking', 'Integrate Computer Communication and Networking with other disciplines', 'Reflect on the ethical aspects of Computer Communication and Networking']","['Security policies', 'Risk assessment', 'Cryptography']"
This course provides comprehensive insights into Computer Communication and Networks Lab including key principles and practical applications.,"['Understand the core principles of Computer Communication and Networks Lab', 'Apply Computer Communication and Networks Lab techniques to solve problems', 'Evaluate the impact of Computer Communication and Networks Lab in real-world scenarios']","['Cryptography', 'Network security', 'Security policies']"
"Students will explore fundamental and advanced topics in Computer Communication and Networks Lab, focusing on both theory and implementation.","['Demonstrate knowledge of Computer Communication and Networks Lab', 'Design and implement solutions using Computer Communication and Networks Lab', 'Analyze case studies involving Computer Communication and Networks Lab']","['Service models', 'Virtualization', 'Resource management']"
"The course introduces Computer Communication and Networks Lab concepts, techniques, and tools required for problem-solving and development.","['Gain practical experience with Computer Communication and Networks Lab', 'Develop projects based on Computer Communication and Networks Lab', 'Communicate findings effectively in context of Computer Communication and Networks Lab']","['Communication', 'Critical thinking', 'Ethics']"
"Computer Communication and Networks Lab is covered in-depth, helping learners build analytical and technical proficiency.","['Identify challenges in Computer Communication and Networks Lab', 'Propose optimized solutions for Computer Communication and Networks Lab', 'Collaborate on team-based Computer Communication and Networks Lab assignments']","['Database design', 'SQL', 'Normalization']"
This module covers critical aspects of Computer Communication and Networks Lab with real-world case studies and hands-on experience.,"['Explore advanced concepts of Computer Communication and Networks Lab', 'Integrate Computer Communication and Networks Lab with other disciplines', 'Reflect on the ethical aspects of Computer Communication and Networks Lab']","['Web deployment', 'HTML', 'JavaScript']"
This course provides comprehensive insights into English Composition and Comprehension including key principles and practical applications.,"['Understand the core principles of English Composition and Comprehension', 'Apply English Composition and Comprehension techniques to solve problems', 'Evaluate the impact of English Composition and Comprehension in real-world scenarios']","['Memory management', 'File systems', 'Linux']"
"Students will explore fundamental and advanced topics in English Composition and Comprehension, focusing on both theory and implementation.","['Demonstrate knowledge of English Composition and Comprehension', 'Design and implement solutions using English Composition and Comprehension', 'Analyze case studies involving English Composition and Comprehension']","['Deep Learning', 'Data preprocessing', 'Machine Learning']"
"The course introduces English Composition and Comprehension concepts, techniques, and tools required for problem-solving and development.","['Gain practical experience with English Composition and Comprehension', 'Develop projects based on English Composition and Comprehension', 'Communicate findings effectively in context of English Composition and Comprehension']","['SQL', 'Database design', 'Transactions']"
"English Composition and Comprehension is covered in-depth, helping learners build analytical and technical proficiency.","['Identify challenges in English Composition and Comprehension', 'Propose optimized solutions for English Composition and Comprehension', 'Collaborate on team-based English Composition and Comprehension assignments']","['Probability', 'Statistics', 'Algebra']"
This module covers critical aspects of English Composition and Comprehension with real-world case studies and hands-on experience.,"['Explore advanced concepts of English Composition and Comprehension', 'Integrate English Composition and Comprehension with other disciplines', 'Reflect on the ethical aspects of English Composition and Comprehension']","['JavaScript', 'HTML', 'CSS']"
This course provides comprehensive insights into Discrete Structures including key principles and practical applications.,"['Understand the core principles of Discrete Structures', 'Apply Discrete Structures techniques to solve problems', 'Evaluate the impact of Discrete Structures in real-world scenarios']","['Database design', 'SQL', 'Normalization']"
"Students will explore fundamental and advanced topics in Discrete Structures, focusing on both theory and implementation.","['Demonstrate knowledge of Discrete Structures', 'Design and implement solutions using Discrete Structures', 'Analyze case studies involving Discrete Structures']","['Machine Learning', 'Model evaluation', 'Neural Networks']"
"The course introduces Discrete Structures concepts, techniques, and tools required for problem-solving and development.","['Gain practical experience with Discrete Structures', 'Develop projects based on Discrete Structures', 'Communicate findings effectively in context of Discrete Structures']","['CSS', 'Web deployment', 'Django']"
"Discrete Structures is covered in-depth, helping learners build analytical and technical proficiency.","['Identify challenges in Discrete Structures', 'Propose optimized solutions for Discrete Structures', 'Collaborate on team-based Discrete Structures assignments']","['Model evaluation', 'Neural Networks', 'Deep Learning']"
This module covers critical aspects of Discrete Structures with real-world case studies and hands-on experience.,"['Explore advanced concepts of Discrete Structures', 'Integrate Discrete Structures with other disciplines', 'Reflect on the ethical aspects of Discrete Structures']","['Neural Networks', 'Machine Learning', 'Data preprocessing']"
This course provides comprehensive insights into Communication and Presentation Skills including key principles and practical applications.,"['Understand the core principles of Communication and Presentation Skills', 'Apply Communication and Presentation Skills techniques to solve problems', 'Evaluate the impact of Communication and Presentation Skills in real-world scenarios']","['Neural Networks', 'Deep Learning', 'Model evaluation']"
"Students will explore fundamental and advanced topics in Communication and Presentation Skills, focusing on both theory and implementation.","['Demonstrate knowledge of Communication and Presentation Skills', 'Design and implement solutions using Communication and Presentation Skills', 'Analyze case studies involving Communication and Presentation Skills']","['Security policies', 'Network security', 'Risk assessment']"
"The course introduces Communication and Presentation Skills concepts, techniques, and tools required for problem-solving and development.","['Gain practical experience with Communication and Presentation Skills', 'Develop projects based on Communication and Presentation Skills', 'Communicate findings effectively in context of Communication and Presentation Skills']","['HTML', 'JavaScript', 'Django']"
"Communication and Presentation Skills is covered in-depth, helping learners build analytical and technical proficiency.","['Identify challenges in Communication and Presentation Skills', 'Propose optimized solutions for Communication and Presentation Skills', 'Collaborate on team-based Communication and Presentation Skills assignments']","['File systems', 'Process management', 'Networking']"
This module covers critical aspects of Communication and Presentation Skills with real-world case studies and hands-on experience.,"['Explore advanced concepts of Communication and Presentation Skills', 'Integrate Communication and Presentation Skills with other disciplines', 'Reflect on the ethical aspects of Communication and Presentation Skills']","['Process management', 'Memory management', 'File systems']"
This course provides comprehensive insights into Introduction to Software Engineering including key principles and practical applications.,"['Understand the core principles of Introduction to Software Engineering', 'Apply Introduction to Software Engineering techniques to solve problems', 'Evaluate the impact of Introduction to Software Engineering in real-world scenarios']","['Normalization', 'Database design', 'Transactions']"
"Students will explore fundamental and advanced topics in Introduction to Software Engineering, focusing on both theory and implementation.","['Demonstrate knowledge of Introduction to Software Engineering', 'Design and implement solutions using Introduction to Software Engineering', 'Analyze case studies involving Introduction to Software Engineering']","['Statistics', 'Probability', 'Calculus']"
"The course introduces Introduction to Software Engineering concepts, techniques, and tools required for problem-solving and development.","['Gain practical experience with Introduction to Software Engineering', 'Develop projects based on Introduction to Software Engineering', 'Communicate findings effectively in context of Introduction to Software Engineering']","['AWS', 'Virtualization', 'Containers']"
"Introduction to Software Engineering is covered in-depth, helping learners build analytical and technical proficiency.","['Identify challenges in Introduction to Software Engineering', 'Propose optimized solutions for Introduction to Software Engineering', 'Collaborate on team-based Introduction to Software Engineering assignments']","['Risk assessment', 'Network security', 'Cryptography']"
This module covers critical aspects of Introduction to Software Engineering with real-world case studies and hands-on experience.,"['Explore advanced concepts of Introduction to Software Engineering', 'Integrate Introduction to Software Engineering with other disciplines', 'Reflect on the ethical aspects of Introduction to Software Engineering']","['Report writing', 'Communication', 'Critical thinking']"
This course provides comprehensive insights into Linear Algebra including key principles and practical applications.,"['Understand the core principles of Linear Algebra', 'Apply Linear Algebra techniques to solve problems', 'Evaluate the impact of Linear Algebra in real-world scenarios']","['Data modeling', 'Normalization', 'SQL']"
"Students will explore fundamental and advanced topics in Linear Algebra, focusing on both theory and implementation.","['Demonstrate knowledge of Linear Algebra', 'Design and implement solutions using Linear Algebra', 'Analyze case studies involving Linear Algebra']","['CSS', 'HTML', 'Web deployment']"
"The course introduces Linear Algebra concepts, techniques, and tools required for problem-solving and development.","['Gain practical experience with Linear Algebra', 'Develop projects based on Linear Algebra', 'Communicate findings effectively in context of Linear Algebra']","['Python', 'Debugging', 'Java']"
"Linear Algebra is covered in-depth, helping learners build analytical and technical proficiency.","['Identify challenges in Linear Algebra', 'Propose optimized solutions for Linear Algebra', 'Collaborate on team-based Linear Algebra assignments']","['Risk assessment', 'Security policies', 'Authentication']"
This module covers critical aspects of Linear Algebra with real-world case studies and hands-on experience.,"['Explore advanced concepts of Linear Algebra', 'Integrate Linear Algebra with other disciplines', 'Reflect on the ethical aspects of Linear Algebra']","['CSS', 'Django', 'JavaScript']"
This course provides comprehensive insights into Professional Ethics and Practices including key principles and practical applications.,"['Understand the core principles of Professional Ethics and Practices', 'Apply Professional Ethics and Practices techniques to solve problems', 'Evaluate the impact of Professional Ethics and Practices in real-world scenarios']","['HTML', 'Django', 'CSS']"
"Students will explore fundamental and advanced topics in Professional Ethics and Practices, focusing on both theory and implementation.","['Demonstrate knowledge of Professional Ethics and Practices', 'Design and implement solutions using Professional Ethics and Practices', 'Analyze case studies involving Professional Ethics and Practices']","['Calculus', 'Logic', 'Statistics']"
"The course introduces Professional Ethics and Practices concepts, techniques, and tools required for problem-solving and development.","['Gain practical experience with Professional Ethics and Practices', 'Develop projects based on Professional Ethics and Practices', 'Communicate findings effectively in context of Professional Ethics and Practices']","['Statistics', 'Probability', 'Algebra']"
"Professional Ethics and Practices is covered in-depth, helping learners build analytical and technical proficiency.","['Identify challenges in Professional Ethics and Practices', 'Propose optimized solutions for Professional Ethics and Practices', 'Collaborate on team-based Professional Ethics and Practices assignments']","['Python', 'C++', 'Debugging']"
This module covers critical aspects of Professional Ethics and Practices with real-world case studies and hands-on experience.,"['Explore advanced concepts of Professional Ethics and Practices', 'Integrate Professional Ethics and Practices with other disciplines', 'Reflect on the ethical aspects of Professional Ethics and Practices']","['CSS', 'JavaScript', 'Web deployment']"
This course provides comprehensive insights into Software Requirements Engineering including key principles and practical applications.,"['Understand the core principles of Software Requirements Engineering', 'Apply Software Requirements Engineering techniques to solve problems', 'Evaluate the impact of Software Requirements Engineering in real-world scenarios']","['Model evaluation', 'Neural Networks', 'Machine Learning']"
"Students will explore fundamental and advanced topics in Software Requirements Engineering, focusing on both theory and implementation.","['Demonstrate knowledge of Software Requirements Engineering', 'Design and implement solutions using Software Requirements Engineering', 'Analyze case studies involving Software Requirements Engineering']","['Linux', 'Networking', 'Process management']"
"The course introduces Software Requirements Engineering concepts, techniques, and tools required for problem-solving and development.","['Gain practical experience with Software Requirements Engineering', 'Develop projects based on Software Requirements Engineering', 'Communicate findings effectively in context of Software Requirements Engineering']","['Probability', 'Logic', 'Statistics']"
"Software Requirements Engineering is covered in-depth, helping learners build analytical and technical proficiency.","['Identify challenges in Software Requirements Engineering', 'Propose optimized solutions for Software Requirements Engineering', 'Collaborate on team-based Software Requirements Engineering assignments']","['Cryptography', 'Authentication', 'Security policies']"
This module covers critical aspects of Software Requirements Engineering with real-world case studies and hands-on experience.,"['Explore advanced concepts of Software Requirements Engineering', 'Integrate Software Requirements Engineering with other disciplines', 'Reflect on the ethical aspects of Software Requirements Engineering']","['Deep Learning', 'Neural Networks', 'Data preprocessing']"
This course provides comprehensive insights into Introduction to Database Systems including key principles and practical applications.,"['Understand the core principles of Introduction to Database Systems', 'Apply Introduction to Database Systems techniques to solve problems', 'Evaluate the impact of Introduction to Database Systems in real-world scenarios']","['File systems', 'Linux', 'Process management']"
"Students will explore fundamental and advanced topics in Introduction to Database Systems, focusing on both theory and implementation.","['Demonstrate knowledge of Introduction to Database Systems', 'Design and implement solutions using Introduction to Database Systems', 'Analyze case studies involving Introduction to Database Systems']","['Network security', 'Authentication', 'Security policies']"
"The course introduces Introduction to Database Systems concepts, techniques, and tools required for problem-solving and development.","['Gain practical experience with Introduction to Database Systems', 'Develop projects based on Introduction to Database Systems', 'Communicate findings effectively in context of Introduction to Database Systems']","['Data preprocessing', 'Deep Learning', 'Model evaluation']"
"Introduction to Database Systems is covered in-depth, helping learners build analytical and technical proficiency.","['Identify challenges in Introduction to Database Systems', 'Propose optimized solutions for Introduction to Database Systems', 'Collaborate on team-based Introduction to Database Systems assignments']","['Deep Learning', 'Data preprocessing', 'Model evaluation']"
This module covers critical aspects of Introduction to Database Systems with real-world case studies and hands-on experience.,"['Explore advanced concepts of Introduction to Database Systems', 'Integrate Introduction to Database Systems with other disciplines', 'Reflect on the ethical aspects of Introduction to Database Systems']","['Neural Networks', 'Data preprocessing', 'Machine Learning']"
This course provides comprehensive insights into Introduction to Database Systems Lab including key principles and practical applications.,"['Understand the core principles of Introduction to Database Systems Lab', 'Apply Introduction to Database Systems Lab techniques to solve problems', 'Evaluate the impact of Introduction to Database Systems Lab in real-world scenarios']","['Service models', 'Virtualization', 'Containers']"
"Students will explore fundamental and advanced topics in Introduction to Database Systems Lab, focusing on both theory and implementation.","['Demonstrate knowledge of Introduction to Database Systems Lab', 'Design and implement solutions using Introduction to Database Systems Lab', 'Analyze case studies involving Introduction to Database Systems Lab']","['Deep Learning', 'Neural Networks', 'Data preprocessing']"
"The course introduces Introduction to Database Systems Lab concepts, techniques, and tools required for problem-solving and development.","['Gain practical experience with Introduction to Database Systems Lab', 'Develop projects based on Introduction to Database Systems Lab', 'Communicate findings effectively in context of Introduction to Database Systems Lab']","['Data preprocessing', 'Model evaluation', 'Deep Learning']"
"Introduction to Database Systems Lab is covered in-depth, helping learners build analytical and technical proficiency.","['Identify challenges in Introduction to Database Systems Lab', 'Propose optimized solutions for Introduction to Database Systems Lab', 'Collaborate on team-based Introduction to Database Systems Lab assignments']","['Web deployment', 'JavaScript', 'CSS']"
This module covers critical aspects of Introduction to Database Systems Lab with real-world case studies and hands-on experience.,"['Explore advanced concepts of Introduction to Database Systems Lab', 'Integrate Introduction to Database Systems Lab with other disciplines', 'Reflect on the ethical aspects of Introduction to Database Systems Lab']","['Django', 'Web deployment', 'CSS']"
This course provides comprehensive insights into Operating Systems including key principles and practical applications.,"['Understand the core principles of Operating Systems', 'Apply Operating Systems techniques to solve problems', 'Evaluate the impact of Operating Systems in real-world scenarios']","['Critical thinking', 'Communication', 'Presentation']"
"Students will explore fundamental and advanced topics in Operating Systems, focusing on both theory and implementation.","['Demonstrate knowledge of Operating Systems', 'Design and implement solutions using Operating Systems', 'Analyze case studies involving Operating Systems']","['HTML', 'Django', 'Web deployment']"
"The course introduces Operating Systems concepts, techniques, and tools required for problem-solving and development.","['Gain practical experience with Operating Systems', 'Develop projects based on Operating Systems', 'Communicate findings effectively in context of Operating Systems']","['Debugging', 'Java', 'OOP']"
"Operating Systems is covered in-depth, helping learners build analytical and technical proficiency.","['Identify challenges in Operating Systems', 'Propose optimized solutions for Operating Systems', 'Collaborate on team-based Operating Systems assignments']","['Risk assessment', 'Authentication', 'Security policies']"
This module covers critical aspects of Operating Systems with real-world case studies and hands-on experience.,"['Explore advanced concepts of Operating Systems', 'Integrate Operating Systems with other disciplines', 'Reflect on the ethical aspects of Operating Systems']","['AWS', 'Containers', 'Resource management']"
This course provides comprehensive insights into Operating Systems Lab including key principles and practical applications.,"['Understand the core principles of Operating Systems Lab', 'Apply Operating Systems Lab techniques to solve problems', 'Evaluate the impact of Operating Systems Lab in real-world scenarios']","['Transactions', 'Database design', 'Normalization']"
"Students will explore fundamental and advanced topics in Operating Systems Lab, focusing on both theory and implementation.","['Demonstrate knowledge of Operating Systems Lab', 'Design and implement solutions using Operating Systems Lab', 'Analyze case studies involving Operating Systems Lab']","['Network security', 'Authentication', 'Cryptography']"
"The course introduces Operating Systems Lab concepts, techniques, and tools required for problem-solving and development.","['Gain practical experience with Operating Systems Lab', 'Develop projects based on Operating Systems Lab', 'Communicate findings effectively in context of Operating Systems Lab']","['Cryptography', 'Security policies', 'Network security']"
"Operating Systems Lab is covered in-depth, helping learners build analytical and technical proficiency.","['Identify challenges in Operating Systems Lab', 'Propose optimized solutions for Operating Systems Lab', 'Collaborate on team-based Operating Systems Lab assignments']","['Algebra', 'Statistics', 'Calculus']"
This module covers critical aspects of Operating Systems Lab with real-world case studies and hands-on experience.,"['Explore advanced concepts of Operating Systems Lab', 'Integrate Operating Systems Lab with other disciplines', 'Reflect on the ethical aspects of Operating Systems Lab']","['Deep Learning', 'Model evaluation', 'Data preprocessing']"
This course provides comprehensive insights into Probability and Statistics including key principles and practical applications.,"['Understand the core principles of Probability and Statistics', 'Apply Probability and Statistics techniques to solve problems', 'Evaluate the impact of Probability and Statistics in real-world scenarios']","['Java', 'C++', 'Python']"
"Students will explore fundamental and advanced topics in Probability and Statistics, focusing on both theory and implementation.","['Demonstrate knowledge of Probability and Statistics', 'Design and implement solutions using Probability and Statistics', 'Analyze case studies involving Probability and Statistics']","['Authentication', 'Risk assessment', 'Network security']"
"The course introduces Probability and Statistics concepts, techniques, and tools required for problem-solving and development.","['Gain practical experience with Probability and Statistics', 'Develop projects based on Probability and Statistics', 'Communicate findings effectively in context of Probability and Statistics']","['Java', 'C++', 'OOP']"
"Probability and Statistics is covered in-depth, helping learners build analytical and technical proficiency.","['Identify challenges in Probability and Statistics', 'Propose optimized solutions for Probability and Statistics', 'Collaborate on team-based Probability and Statistics assignments']","['Java', 'Debugging', 'OOP']"
This module covers critical aspects of Probability and Statistics with real-world case studies and hands-on experience.,"['Explore advanced concepts of Probability and Statistics', 'Integrate Probability and Statistics with other disciplines', 'Reflect on the ethical aspects of Probability and Statistics']","['Algebra', 'Statistics', 'Probability']"
This course provides comprehensive insights into Software Design and Architecture including key principles and practical applications.,"['Understand the core principles of Software Design and Architecture', 'Apply Software Design and Architecture techniques to solve problems', 'Evaluate the impact of Software Design and Architecture in real-world scenarios']","['Process management', 'File systems', 'Networking']"
"Students will explore fundamental and advanced topics in Software Design and Architecture, focusing on both theory and implementation.","['Demonstrate knowledge of Software Design and Architecture', 'Design and implement solutions using Software Design and Architecture', 'Analyze case studies involving Software Design and Architecture']","['C++', 'Java', 'Debugging']"
"The course introduces Software Design and Architecture concepts, techniques, and tools required for problem-solving and development.","['Gain practical experience with Software Design and Architecture', 'Develop projects based on Software Design and Architecture', 'Communicate findings effectively in context of Software Design and Architecture']","['CSS', 'Django', 'HTML']"
"Software Design and Architecture is covered in-depth, helping learners build analytical and technical proficiency.","['Identify challenges in Software Design and Architecture', 'Propose optimized solutions for Software Design and Architecture', 'Collaborate on team-based Software Design and Architecture assignments']","['HTML', 'JavaScript', 'Django']"
This module covers critical aspects of Software Design and Architecture with real-world case studies and hands-on experience.,"['Explore advanced concepts of Software Design and Architecture', 'Integrate Software Design and Architecture with other disciplines', 'Reflect on the ethical aspects of Software Design and Architecture']","['Web deployment', 'HTML', 'Django']"
This course provides comprehensive insights into Software Design and Architecture Lab including key principles and practical applications.,"['Understand the core principles of Software Design and Architecture Lab', 'Apply Software Design and Architecture Lab techniques to solve problems', 'Evaluate the impact of Software Design and Architecture Lab in real-world scenarios']","['Network security', 'Cryptography', 'Risk assessment']"
"Students will explore fundamental and advanced topics in Software Design and Architecture Lab, focusing on both theory and implementation.","['Demonstrate knowledge of Software Design and Architecture Lab', 'Design and implement solutions using Software Design and Architecture Lab', 'Analyze case studies involving Software Design and Architecture Lab']","['Data modeling', 'SQL', 'Transactions']"
"The course introduces Software Design and Architecture Lab concepts, techniques, and tools required for problem-solving and development.","['Gain practical experience with Software Design and Architecture Lab', 'Develop projects based on Software Design and Architecture Lab', 'Communicate findings effectively in context of Software Design and Architecture Lab']","['Machine Learning', 'Data preprocessing', 'Neural Networks']"
"Software Design and Architecture Lab is covered in-depth, helping learners build analytical and technical proficiency.","['Identify challenges in Software Design and Architecture Lab', 'Propose optimized solutions for Software Design and Architecture Lab', 'Collaborate on team-based Software Design and Architecture Lab assignments']","['Process management', 'Memory management', 'File systems']"
This module covers critical aspects of Software Design and Architecture Lab with real-world case studies and hands-on experience.,"['Explore advanced concepts of Software Design and Architecture Lab', 'Integrate Software Design and Architecture Lab with other disciplines', 'Reflect on the ethical aspects of Software Design and Architecture Lab']","['Machine Learning', 'Deep Learning', 'Neural Networks']"
This course provides comprehensive insights into Environment and Sustainability including key principles and practical applications.,"['Understand the core principles of Environment and Sustainability', 'Apply Environment and Sustainability techniques to solve problems', 'Evaluate the impact of Environment and Sustainability in real-world scenarios']","['Security policies', 'Risk assessment', 'Authentication']"
"Students will explore fundamental and advanced topics in Environment and Sustainability, focusing on both theory and implementation.","['Demonstrate knowledge of Environment and Sustainability', 'Design and implement solutions using Environment and Sustainability', 'Analyze case studies involving Environment and Sustainability']","['Critical thinking', 'Communication', 'Presentation']"
"The course introduces Environment and Sustainability concepts, techniques, and tools required for problem-solving and development.","['Gain practical experience with Environment and Sustainability', 'Develop projects based on Environment and Sustainability', 'Communicate findings effectively in context of Environment and Sustainability']","['Neural Networks', 'Deep Learning', 'Model evaluation']"
"Environment and Sustainability is covered in-depth, helping learners build analytical and technical proficiency.","['Identify challenges in Environment and Sustainability', 'Propose optimized solutions for Environment and Sustainability', 'Collaborate on team-based Environment and Sustainability assignments']","['Statistics', 'Calculus', 'Probability']"
This module covers critical aspects of Environment and Sustainability with real-world case studies and hands-on experience.,"['Explore advanced concepts of Environment and Sustainability', 'Integrate Environment and Sustainability with other disciplines', 'Reflect on the ethical aspects of Environment and Sustainability']","['Ethics', 'Report writing', 'Communication']"
This course provides comprehensive insights into Software Construction and Development including key principles and practical applications.,"['Understand the core principles of Software Construction and Development', 'Apply Software Construction and Development techniques to solve problems', 'Evaluate the impact of Software Construction and Development in real-world scenarios']","['Neural Networks', 'Deep Learning', 'Model evaluation']"
"Students will explore fundamental and advanced topics in Software Construction and Development, focusing on both theory and implementation.","['Demonstrate knowledge of Software Construction and Development', 'Design and implement solutions using Software Construction and Development', 'Analyze case studies involving Software Construction and Development']","['Containers', 'AWS', 'Virtualization']"
"The course introduces Software Construction and Development concepts, techniques, and tools required for problem-solving and development.","['Gain practical experience with Software Construction and Development', 'Develop projects based on Software Construction and Development', 'Communicate findings effectively in context of Software Construction and Development']","['Memory management', 'File systems', 'Process management']"
"Software Construction and Development is covered in-depth, helping learners build analytical and technical proficiency.","['Identify challenges in Software Construction and Development', 'Propose optimized solutions for Software Construction and Development', 'Collaborate on team-based Software Construction and Development assignments']","['Java', 'Python', 'Debugging']"
This module covers critical aspects of Software Construction and Development with real-world case studies and hands-on experience.,"['Explore advanced concepts of Software Construction and Development', 'Integrate Software Construction and Development with other disciplines', 'Reflect on the ethical aspects of Software Construction and Development']","['Statistics', 'Calculus', 'Algebra']"
This course provides comprehensive insights into Software Construction and Development Lab including key principles and practical applications.,"['Understand the core principles of Software Construction and Development Lab', 'Apply Software Construction and Development Lab techniques to solve problems', 'Evaluate the impact of Software Construction and Development Lab in real-world scenarios']","['Network security', 'Cryptography', 'Authentication']"
"Students will explore fundamental and advanced topics in Software Construction and Development Lab, focusing on both theory and implementation.","['Demonstrate knowledge of Software Construction and Development Lab', 'Design and implement solutions using Software Construction and Development Lab', 'Analyze case studies involving Software Construction and Development Lab']","['Model evaluation', 'Neural Networks', 'Machine Learning']"
"The course introduces Software Construction and Development Lab concepts, techniques, and tools required for problem-solving and development.","['Gain practical experience with Software Construction and Development Lab', 'Develop projects based on Software Construction and Development Lab', 'Communicate findings effectively in context of Software Construction and Development Lab']","['Probability', 'Logic', 'Calculus']"
"Software Construction and Development Lab is covered in-depth, helping learners build analytical and technical proficiency.","['Identify challenges in Software Construction and Development Lab', 'Propose optimized solutions for Software Construction and Development Lab', 'Collaborate on team-based Software Construction and Development Lab assignments']","['OOP', 'Debugging', 'Python']"
This module covers critical aspects of Software Construction and Development Lab with real-world case studies and hands-on experience.,"['Explore advanced concepts of Software Construction and Development Lab', 'Integrate Software Construction and Development Lab with other disciplines', 'Reflect on the ethical aspects of Software Construction and Development Lab']","['Linux', 'File systems', 'Networking']"
This course provides comprehensive insights into Software Quality Engineering including key principles and practical applications.,"['Understand the core principles of Software Quality Engineering', 'Apply Software Quality Engineering techniques to solve problems', 'Evaluate the impact of Software Quality Engineering in real-world scenarios']","['Model evaluation', 'Deep Learning', 'Machine Learning']"
"Students will explore fundamental and advanced topics in Software Quality Engineering, focusing on both theory and implementation.","['Demonstrate knowledge of Software Quality Engineering', 'Design and implement solutions using Software Quality Engineering', 'Analyze case studies involving Software Quality Engineering']","['CSS', 'Web deployment', 'Django']"
"The course introduces Software Quality Engineering concepts, techniques, and tools required for problem-solving and development.","['Gain practical experience with Software Quality Engineering', 'Develop projects based on Software Quality Engineering', 'Communicate findings effectively in context of Software Quality Engineering']","['Ethics', 'Presentation', 'Report writing']"
"Software Quality Engineering is covered in-depth, helping learners build analytical and technical proficiency.","['Identify challenges in Software Quality Engineering', 'Propose optimized solutions for Software Quality Engineering', 'Collaborate on team-based Software Quality Engineering assignments']","['Containers', 'Resource management', 'Service models']"
This module covers critical aspects of Software Quality Engineering with real-world case studies and hands-on experience.,"['Explore advanced concepts of Software Quality Engineering', 'Integrate Software Quality Engineering with other disciplines', 'Reflect on the ethical aspects of Software Quality Engineering']","['JavaScript', 'HTML', 'CSS']"
This course provides comprehensive insights into Entrepreneurship including key principles and practical applications.,"['Understand the core principles of Entrepreneurship', 'Apply Entrepreneurship techniques to solve problems', 'Evaluate the impact of Entrepreneurship in real-world scenarios']","['JavaScript', 'HTML', 'Web deployment']"
"Students will explore fundamental and advanced topics in Entrepreneurship, focusing on both theory and implementation.","['Demonstrate knowledge of Entrepreneurship', 'Design and implement solutions using Entrepreneurship', 'Analyze case studies involving Entrepreneurship']","['Transactions', 'SQL', 'Normalization']"
"The course introduces Entrepreneurship concepts, techniques, and tools required for problem-solving and development.","['Gain practical experience with Entrepreneurship', 'Develop projects based on Entrepreneurship', 'Communicate findings effectively in context of Entrepreneurship']","['Neural Networks', 'Model evaluation', 'Data preprocessing']"
"Entrepreneurship is covered in-depth, helping learners build analytical and technical proficiency.","['Identify challenges in Entrepreneurship', 'Propose optimized solutions for Entrepreneurship', 'Collaborate on team-based Entrepreneurship assignments']","['Transactions', 'SQL', 'Normalization']"
This module covers critical aspects of Entrepreneurship with real-world case studies and hands-on experience.,"['Explore advanced concepts of Entrepreneurship', 'Integrate Entrepreneurship with other disciplines', 'Reflect on the ethical aspects of Entrepreneurship']","['Report writing', 'Ethics', 'Critical thinking']"
This course provides comprehensive insights into Human Computer Interaction including key principles and practical applications.,"['Understand the core principles of Human Computer Interaction', 'Apply Human Computer Interaction techniques to solve problems', 'Evaluate the impact of Human Computer Interaction in real-world scenarios']","['Model evaluation', 'Neural Networks', 'Machine Learning']"
"Students will explore fundamental and advanced topics in Human Computer Interaction, focusing on both theory and implementation.","['Demonstrate knowledge of Human Computer Interaction', 'Design and implement solutions using Human Computer Interaction', 'Analyze case studies involving Human Computer Interaction']","['Security policies', 'Authentication', 'Risk assessment']"
"The course introduces Human Computer Interaction concepts, techniques, and tools required for problem-solving and development.","['Gain practical experience with Human Computer Interaction', 'Develop projects based on Human Computer Interaction', 'Communicate findings effectively in context of Human Computer Interaction']","['AWS', 'Containers', 'Service models']"
"Human Computer Interaction is covered in-depth, helping learners build analytical and technical proficiency.","['Identify challenges in Human Computer Interaction', 'Propose optimized solutions for Human Computer Interaction', 'Collaborate on team-based Human Computer Interaction assignments']","['Debugging', 'Java', 'C++']"
This module covers critical aspects of Human Computer Interaction with real-world case studies and hands-on experience.,"['Explore advanced concepts of Human Computer Interaction', 'Integrate Human Computer Interaction with other disciplines', 'Reflect on the ethical aspects of Human Computer Interaction']","['Process management', 'Linux', 'Memory management']"
This course provides comprehensive insights into Information Security including key principles and practical applications.,"['Understand the core principles of Information Security', 'Apply Information Security techniques to solve problems', 'Evaluate the impact of Information Security in real-world scenarios']","['Report writing', 'Presentation', 'Critical thinking']"
"Students will explore fundamental and advanced topics in Information Security, focusing on both theory and implementation.","['Demonstrate knowledge of Information Security', 'Design and implement solutions using Information Security', 'Analyze case studies involving Information Security']","['Linux', 'Process management', 'Networking']"
"The course introduces Information Security concepts, techniques, and tools required for problem-solving and development.","['Gain practical experience with Information Security', 'Develop projects based on Information Security', 'Communicate findings effectively in context of Information Security']","['Model evaluation', 'Machine Learning', 'Deep Learning']"
"Information Security is covered in-depth, helping learners build analytical and technical proficiency.","['Identify challenges in Information Security', 'Propose optimized solutions for Information Security', 'Collaborate on team-based Information Security assignments']","['Network security', 'Security policies', 'Authentication']"
This module covers critical aspects of Information Security with real-world case studies and hands-on experience.,"['Explore advanced concepts of Information Security', 'Integrate Information Security with other disciplines', 'Reflect on the ethical aspects of Information Security']","['Report writing', 'Presentation', 'Communication']"
This course provides comprehensive insights into Software Re-Engineering including key principles and practical applications.,"['Understand the core principles of Software Re-Engineering', 'Apply Software Re-Engineering techniques to solve problems', 'Evaluate the impact of Software Re-Engineering in real-world scenarios']","['JavaScript', 'Web deployment', 'CSS']"
"Students will explore fundamental and advanced topics in Software Re-Engineering, focusing on both theory and implementation.","['Demonstrate knowledge of Software Re-Engineering', 'Design and implement solutions using Software Re-Engineering', 'Analyze case studies involving Software Re-Engineering']","['Authentication', 'Security policies', 'Network security']"
"The course introduces Software Re-Engineering concepts, techniques, and tools required for problem-solving and development.","['Gain practical experience with Software Re-Engineering', 'Develop projects based on Software Re-Engineering', 'Communicate findings effectively in context of Software Re-Engineering']","['Networking', 'Process management', 'File systems']"
"Software Re-Engineering is covered in-depth, helping learners build analytical and technical proficiency.","['Identify challenges in Software Re-Engineering', 'Propose optimized solutions for Software Re-Engineering', 'Collaborate on team-based Software Re-Engineering assignments']","['CSS', 'JavaScript', 'HTML']"
This module covers critical aspects of Software Re-Engineering with real-world case studies and hands-on experience.,"['Explore advanced concepts of Software Re-Engineering', 'Integrate Software Re-Engineering with other disciplines', 'Reflect on the ethical aspects of Software Re-Engineering']","['Deep Learning', 'Data preprocessing', 'Neural Networks']"
This course provides comprehensive insights into Formal Methods in Software Engineering including key principles and practical applications.,"['Understand the core principles of Formal Methods in Software Engineering', 'Apply Formal Methods in Software Engineering techniques to solve problems', 'Evaluate the impact of Formal Methods in Software Engineering in real-world scenarios']","['Report writing', 'Communication', 'Presentation']"
"Students will explore fundamental and advanced topics in Formal Methods in Software Engineering, focusing on both theory and implementation.","['Demonstrate knowledge of Formal Methods in Software Engineering', 'Design and implement solutions using Formal Methods in Software Engineering', 'Analyze case studies involving Formal Methods in Software Engineering']","['SQL', 'Transactions', 'Data modeling']"
"The course introduces Formal Methods in Software Engineering concepts, techniques, and tools required for problem-solving and development.","['Gain practical experience with Formal Methods in Software Engineering', 'Develop projects based on Formal Methods in Software Engineering', 'Communicate findings effectively in context of Formal Methods in Software Engineering']","['Presentation', 'Critical thinking', 'Report writing']"
"Formal Methods in Software Engineering is covered in-depth, helping learners build analytical and technical proficiency.","['Identify challenges in Formal Methods in Software Engineering', 'Propose optimized solutions for Formal Methods in Software Engineering', 'Collaborate on team-based Formal Methods in Software Engineering assignments']","['Data preprocessing', 'Deep Learning', 'Machine Learning']"
This module covers critical aspects of Formal Methods in Software Engineering with real-world case studies and hands-on experience.,"['Explore advanced concepts of Formal Methods in Software Engineering', 'Integrate Formal Methods in Software Engineering with other disciplines', 'Reflect on the ethical aspects of Formal Methods in Software Engineering']","['JavaScript', 'Web deployment', 'HTML']"
This course provides comprehensive insights into Machine Learning including key principles and practical applications.,"['Understand the core principles of Machine Learning', 'Apply Machine Learning techniques to solve problems', 'Evaluate the impact of Machine Learning in real-world scenarios']","['Transactions', 'SQL', 'Database design']"
"Students will explore fundamental and advanced topics in Machine Learning, focusing on both theory and implementation.","['Demonstrate knowledge of Machine Learning', 'Design and implement solutions using Machine Learning', 'Analyze case studies involving Machine Learning']","['Probability', 'Algebra', 'Logic']"
"The course introduces Machine Learning concepts, techniques, and tools required for problem-solving and development.","['Gain practical experience with Machine Learning', 'Develop projects based on Machine Learning', 'Communicate findings effectively in context of Machine Learning']","['Memory management', 'Linux', 'Networking']"
"Machine Learning is covered in-depth, helping learners build analytical and technical proficiency.","['Identify challenges in Machine Learning', 'Propose optimized solutions for Machine Learning', 'Collaborate on team-based Machine Learning assignments']","['Neural Networks', 'Data preprocessing', 'Machine Learning']"
This module covers critical aspects of Machine Learning with real-world case studies and hands-on experience.,"['Explore advanced concepts of Machine Learning', 'Integrate Machine Learning with other disciplines', 'Reflect on the ethical aspects of Machine Learning']","['Transactions', 'Data modeling', 'Database design']"
This course provides comprehensive insights into Machine Learning Lab including key principles and practical applications.,"['Understand the core principles of Machine Learning Lab', 'Apply Machine Learning Lab techniques to solve problems', 'Evaluate the impact of Machine Learning Lab in real-world scenarios']","['HTML', 'Web deployment', 'JavaScript']"
"Students will explore fundamental and advanced topics in Machine Learning Lab, focusing on both theory and implementation.","['Demonstrate knowledge of Machine Learning Lab', 'Design and implement solutions using Machine Learning Lab', 'Analyze case studies involving Machine Learning Lab']","['Network security', 'Security policies', 'Authentication']"
"The course introduces Machine Learning Lab concepts, techniques, and tools required for problem-solving and development.","['Gain practical experience with Machine Learning Lab', 'Develop projects based on Machine Learning Lab', 'Communicate findings effectively in context of Machine Learning Lab']","['HTML', 'CSS', 'Web deployment']"
"Machine Learning Lab is covered in-depth, helping learners build analytical and technical proficiency.","['Identify challenges in Machine Learning Lab', 'Propose optimized solutions for Machine Learning Lab', 'Collaborate on team-based Machine Learning Lab assignments']","['Resource management', 'Containers', 'Service models']"
This module covers critical aspects of Machine Learning Lab with real-world case studies and hands-on experience.,"['Explore advanced concepts of Machine Learning Lab', 'Integrate Machine Learning Lab with other disciplines', 'Reflect on the ethical aspects of Machine Learning Lab']","['Logic', 'Algebra', 'Probability']"
This course provides comprehensive insights into Deep Learning including key principles and practical applications.,"['Understand the core principles of Deep Learning', 'Apply Deep Learning techniques to solve problems', 'Evaluate the impact of Deep Learning in real-world scenarios']","['Database design', 'Normalization', 'Transactions']"
"Students will explore fundamental and advanced topics in Deep Learning, focusing on both theory and implementation.","['Demonstrate knowledge of Deep Learning', 'Design and implement solutions using Deep Learning', 'Analyze case studies involving Deep Learning']","['Algebra', 'Calculus', 'Statistics']"
"The course introduces Deep Learning concepts, techniques, and tools required for problem-solving and development.","['Gain practical experience with Deep Learning', 'Develop projects based on Deep Learning', 'Communicate findings effectively in context of Deep Learning']","['Network security', 'Authentication', 'Cryptography']"
"Deep Learning is covered in-depth, helping learners build analytical and technical proficiency.","['Identify challenges in Deep Learning', 'Propose optimized solutions for Deep Learning', 'Collaborate on team-based Deep Learning assignments']","['Cryptography', 'Risk assessment', 'Network security']"
This module covers critical aspects of Deep Learning with real-world case studies and hands-on experience.,"['Explore advanced concepts of Deep Learning', 'Integrate Deep Learning with other disciplines', 'Reflect on the ethical aspects of Deep Learning']","['Transactions', 'SQL', 'Normalization']"
This course provides comprehensive insights into Deep Learning Lab including key principles and practical applications.,"['Understand the core principles of Deep Learning Lab', 'Apply Deep Learning Lab techniques to solve problems', 'Evaluate the impact of Deep Learning Lab in real-world scenarios']","['Security policies', 'Risk assessment', 'Authentication']"
"Students will explore fundamental and advanced topics in Deep Learning Lab, focusing on both theory and implementation.","['Demonstrate knowledge of Deep Learning Lab', 'Design and implement solutions using Deep Learning Lab', 'Analyze case studies involving Deep Learning Lab']","['Security policies', 'Risk assessment', 'Network security']"
"The course introduces Deep Learning Lab concepts, techniques, and tools required for problem-solving and development.","['Gain practical experience with Deep Learning Lab', 'Develop projects based on Deep Learning Lab', 'Communicate findings effectively in context of Deep Learning Lab']","['Debugging', 'OOP', 'Java']"
"Deep Learning Lab is covered in-depth, helping learners build analytical and technical proficiency.","['Identify challenges in Deep Learning Lab', 'Propose optimized solutions for Deep Learning Lab', 'Collaborate on team-based Deep Learning Lab assignments']","['Data preprocessing', 'Deep Learning', 'Neural Networks']"
This module covers critical aspects of Deep Learning Lab with real-world case studies and hands-on experience.,"['Explore advanced concepts of Deep Learning Lab', 'Integrate Deep Learning Lab with other disciplines', 'Reflect on the ethical aspects of Deep Learning Lab']","['Resource management', 'Virtualization', 'Containers']"
This course provides comprehensive insights into Cloud Computing including key principles and practical applications.,"['Understand the core principles of Cloud Computing', 'Apply Cloud Computing techniques to solve problems', 'Evaluate the impact of Cloud Computing in real-world scenarios']","['C++', 'Debugging', 'OOP']"
"Students will explore fundamental and advanced topics in Cloud Computing, focusing on both theory and implementation.","['Demonstrate knowledge of Cloud Computing', 'Design and implement solutions using Cloud Computing', 'Analyze case studies involving Cloud Computing']","['Linux', 'Process management', 'Memory management']"
"The course introduces Cloud Computing concepts, techniques, and tools required for problem-solving and development.","['Gain practical experience with Cloud Computing', 'Develop projects based on Cloud Computing', 'Communicate findings effectively in context of Cloud Computing']","['File systems', 'Linux', 'Networking']"
"Cloud Computing is covered in-depth, helping learners build analytical and technical proficiency.","['Identify challenges in Cloud Computing', 'Propose optimized solutions for Cloud Computing', 'Collaborate on team-based Cloud Computing assignments']","['Django', 'JavaScript', 'Web deployment']"
This module covers critical aspects of Cloud Computing with real-world case studies and hands-on experience.,"['Explore advanced concepts of Cloud Computing', 'Integrate Cloud Computing with other disciplines', 'Reflect on the ethical aspects of Cloud Computing']","['Critical thinking', 'Ethics', 'Presentation']"
This course provides comprehensive insights into Cloud Computing Lab including key principles and practical applications.,"['Understand the core principles of Cloud Computing Lab', 'Apply Cloud Computing Lab techniques to solve problems', 'Evaluate the impact of Cloud Computing Lab in real-world scenarios']","['Deep Learning', 'Machine Learning', 'Model evaluation']"
"Students will explore fundamental and advanced topics in Cloud Computing Lab, focusing on both theory and implementation.","['Demonstrate knowledge of Cloud Computing Lab', 'Design and implement solutions using Cloud Computing Lab', 'Analyze case studies involving Cloud Computing Lab']","['Linux', 'Process management', 'Memory management']"
"The course introduces Cloud Computing Lab concepts, techniques, and tools required for problem-solving and development.","['Gain practical experience with Cloud Computing Lab', 'Develop projects based on Cloud Computing Lab', 'Communicate findings effectively in context of Cloud Computing Lab']","['Probability', 'Statistics', 'Calculus']"
"Cloud Computing Lab is covered in-depth, helping learners build analytical and technical proficiency.","['Identify challenges in Cloud Computing Lab', 'Propose optimized solutions for Cloud Computing Lab', 'Collaborate on team-based Cloud Computing Lab assignments']","['Memory management', 'Process management', 'Linux']"
This module covers critical aspects of Cloud Computing Lab with real-world case studies and hands-on experience.,"['Explore advanced concepts of Cloud Computing Lab', 'Integrate Cloud Computing Lab with other disciplines', 'Reflect on the ethical aspects of Cloud Computing Lab']","['Django', 'Web deployment', 'JavaScript']"
This course provides comprehensive insights into Data Analysis including key principles and practical applications.,"['Understand the core principles of Data Analysis', 'Apply Data Analysis techniques to solve problems', 'Evaluate the impact of Data Analysis in real-world scenarios']","['JavaScript', 'Django', 'CSS']"
"Students will explore fundamental and advanced topics in Data Analysis, focusing on both theory and implementation.","['Demonstrate knowledge of Data Analysis', 'Design and implement solutions using Data Analysis', 'Analyze case studies involving Data Analysis']","['Linux', 'Memory management', 'Networking']"
"The course introduces Data Analysis concepts, techniques, and tools required for problem-solving and development.","['Gain practical experience with Data Analysis', 'Develop projects based on Data Analysis', 'Communicate findings effectively in context of Data Analysis']","['Django', 'CSS', 'HTML']"
"Data Analysis is covered in-depth, helping learners build analytical and technical proficiency.","['Identify challenges in Data Analysis', 'Propose optimized solutions for Data Analysis', 'Collaborate on team-based Data Analysis assignments']","['Resource management', 'Service models', 'Virtualization']"
This module covers critical aspects of Data Analysis with real-world case studies and hands-on experience.,"['Explore advanced concepts of Data Analysis', 'Integrate Data Analysis with other disciplines', 'Reflect on the ethical aspects of Data Analysis']","['Service models', 'Containers', 'AWS']"
This course provides comprehensive insights into Data Analysis Lab including key principles and practical applications.,"['Understand the core principles of Data Analysis Lab', 'Apply Data Analysis Lab techniques to solve problems', 'Evaluate the impact of Data Analysis Lab in real-world scenarios']","['Model evaluation', 'Data preprocessing', 'Deep Learning']"
"Students will explore fundamental and advanced topics in Data Analysis Lab, focusing on both theory and implementation.","['Demonstrate knowledge of Data Analysis Lab', 'Design and implement solutions using Data Analysis Lab', 'Analyze case studies involving Data Analysis Lab']","['Network security', 'Security policies', 'Authentication']"
"The course introduces Data Analysis Lab concepts, techniques, and tools required for problem-solving and development.","['Gain practical experience with Data Analysis Lab', 'Develop projects based on Data Analysis Lab', 'Communicate findings effectively in context of Data Analysis Lab']","['Presentation', 'Ethics', 'Critical thinking']"
"Data Analysis Lab is covered in-depth, helping learners build analytical and technical proficiency.","['Identify challenges in Data Analysis Lab', 'Propose optimized solutions for Data Analysis Lab', 'Collaborate on team-based Data Analysis Lab assignments']","['Process management', 'Linux', 'File systems']"
This module covers critical aspects of Data Analysis Lab with real-world case studies and hands-on experience.,"['Explore advanced concepts of Data Analysis Lab', 'Integrate Data Analysis Lab with other disciplines', 'Reflect on the ethical aspects of Data Analysis Lab']","['Critical thinking', 'Report writing', 'Ethics']"
This course provides comprehensive insights into Economics including key principles and practical applications.,"['Understand the core principles of Economics', 'Apply Economics techniques to solve problems', 'Evaluate the impact of Economics in real-world scenarios']","['Network security', 'Security policies', 'Cryptography']"
"Students will explore fundamental and advanced topics in Economics, focusing on both theory and implementation.","['Demonstrate knowledge of Economics', 'Design and implement solutions using Economics', 'Analyze case studies involving Economics']","['Model evaluation', 'Machine Learning', 'Neural Networks']"
"The course introduces Economics concepts, techniques, and tools required for problem-solving and development.","['Gain practical experience with Economics', 'Develop projects based on Economics', 'Communicate findings effectively in context of Economics']","['Logic', 'Probability', 'Algebra']"
"Economics is covered in-depth, helping learners build analytical and technical proficiency.","['Identify challenges in Economics', 'Propose optimized solutions for Economics', 'Collaborate on team-based Economics assignments']","['Debugging', 'Java', 'OOP']"
This module covers critical aspects of Economics with real-world case studies and hands-on experience.,"['Explore advanced concepts of Economics', 'Integrate Economics with other disciplines', 'Reflect on the ethical aspects of Economics']","['Containers', 'Service models', 'Resource management']"
